Title,Price,Currency,Seller FB,Signals
YUNZII AL80 CNC Aluminum Wireless Mechanical Keyboard,62.55,USD,10031,★★★☆☆
Logitech POP Keys Wireless Mechanical Keyboard for Windows/macOS/iPadOS/Android,39.99,USD,451182,★★★★★
2 Pack Wireless Fast Charger Stand Dock Cradle for Apple iPhone Samsung Galaxy,15.29,USD,237547,★★★★★
"LED Desk Lamp, Eye-Caring Table Lamps, Natural Light Protects Eyes, 5 Modes",18.98,USD,12456,★★★☆☆
RGB LED Corner Floor Lamp RGBIC Ambient Light App Control DIY Color Changing,25.99,USD,8665,★★☆☆☆
"LED Floor Lamp, Corner Light Lamp RGB+ White Modern Smart Compatible with Alexa",27.99,USD,8665,★★☆☆☆
Chefman Air Fryer – 6 QT Compact Airfryer for Quick & Easy Meals (Open Box),59.49,USD,34760,★★★☆☆
Gourmia 3QT Air Fryer Window 8 Presets Guided Cooking 1500W Dishwasher-Safe,20.39,USD,616314,★★★★★
Whall Air Fryer Oven 12QT 12-in-1 Air Fryer Convection Oven NSE1201 - Silver,99.00,USD,25474,★★★☆☆
BISSELL Powerlifter Turbo Cordless Black Stick Vacuum 3789X - Heavy Duty 🔷,67.98,USD,6028,★★☆☆☆
"ePro Select Cordless Vacuum with Removable Battery, 6pc Tool Set, Teal/Copper 🔷",76.49,USD,6028,★★☆☆☆
"Lifelong Portable Monitor 15.6"" 1080P Model G70",29.99,USD,21880,★★★☆☆
eufy Permanent Outdoor Light E22 100ft Smart Light Strip App Control IP67|Refurb,100.99,USD,53343,★★★★☆
Wireless Yunzii B75 Pro Mechanical Keyboard,37.17,USD,10116,★★★☆☆
RGB PC Gaming Keyboard Mouse & Headset Set LED Gamer Bundle Mechanical Kits 4IN1,36.90,USD,66170,★★★★☆
"Muscle Massager, 20 speeds, Massage Gun Deep Tissue, Percussion Back Massage Gun",24.81,USD,10139,★★★☆☆
"Ninja 4-in-1 Air Fryer AF101 4 QT, Healthy Meals, Compact, Gray",68.00,USD,4955,★★☆☆☆
"47"" LED Floor Lamp Corner Light Lamp RGB+White Modern Smart Remote & App Control",18.94,USD,4731,★★☆☆☆
"Used 15.6"" Portable Monitor Upgraded IPS HDR 1080P Full HD Eye Care Screen USB C",49.99,USD,4197,★★☆☆☆
"UPERFECT 16"" 2K 120Hz Portable Monitor 2*USB C Extend Display For Game Switch PS",95.99,USD,4197,★★☆☆☆
UPERFECT 22 Inch Portable Monitor 2K 2560*1440 Laptop Display Computer Monitor,149.99,USD,4197,★★☆☆☆
6.8QT 1800W Large Air Fryers with Digital Touch Screen Non-stick Basket US,49.99,USD,3296,★★☆☆☆
"UPERFECT 16"" 120Hz Monitor 2560*1600 2K Portable Monitor Gaming Monitor for PS",106.99,USD,3054,★★☆☆☆
Waterproof Super Bright LED Bike Light USB Rechargeable Bicycle Front Headlight,14.51,USD,25770,★★★☆☆
2 Set USB Rechargeable LED Bicycle Headlight Bike Front Rear Light Cycling Lamp,9.95,USD,228562,★★★★★
2 PACK Magnetic Wireless Charger Pad For Magsafe iPhone 16 15 14 13 12 Pro Max,11.74,USD,237547,★★★★★
Car Wireless Charger Pad Phone Fast Charging Non-Slip Mat for iPhone Samsung Lot,14.56,USD,9632,★★☆☆☆
Wireless Fast Charger Charging Pad Dock for Samsung iPhone Android Cell Phone,5.88,USD,183476,★★★★★
LED Desk Lamp Touch Sensor Reading Foldable Table Lamp Eye Caring Reading Light,11.81,USD,32625,★★★☆☆
LED Desk Lamp Adjustable Swing Arm Lamp with Clamp Eye-Caring Reading Desk Light,11.25,USD,17786,★★★☆☆
LED Crystal Table Lamp Diamond Rose Touch Atmosphere RGB Color Bedside Bar,14.98,USD,10554,★★★☆☆
Dimmable LED Desk Light Touch Sensor Table Bedside Reading Lamp USB Rechargeable,12.00,USD,16678,★★★☆☆
"100Ft LED Strip Lights, Smart Light with App Remote Control, RGB LED Lights for",14.89,USD,7087,★★☆☆☆
"100Ft LED Strip Lights, Smart Light with App Remote Control, RGB LED Lights for",12.99,USD,11847,★★★☆☆
"2× 47"" Smart LED Floor Lamp RGB Remote & APP Control Music Sync Corner Lighting",29.89,USD,2664,★★☆☆☆
Dog Cat Pet Grooming Kit Rechargeable Cordless Electric Hair Clipper Trimmer Set,15.95,USD,2375,★★☆☆☆
HK GAMING GK61 Mechanical Gaming Keyboard - 61 Keys Multi Color RGB Illuminated,19.99,USD,2280,★★☆☆☆
"Tineco Floor One S3 Smart Cordless All-in-One Vacuum Cleaner ,Self-Cleaning",129.00,USD,2006,★★☆☆☆
2 Sets USB Rechargeable LED Bicycle Headlight Bike Front Rear Lamp Cycling Light,22.98,USD,1279,★★☆☆☆
30W Fast Wireless Charger Stand Dock Pad For Apple iPhone 12 13 14 15 16 Pro Max,11.89,USD,3244,★★☆☆☆
LED Desk Lamp with Clamp Double Head Desk Lamp with 360° Adjustable Gooseneck US,18.90,USD,1073,★★☆☆☆
LED Desk Lamp Adjustable Swing Arm Lamp with Clamp Eye-Caring Reading Desk Light,18.90,USD,1012,★★☆☆☆
Dog Cat Pet Grooming Kit Rechargeable Cordless Electric Hair Clipper Trimmer Set,15.97,USD,896,★☆☆☆☆
3In1 Wireless Charger Fast Charging Station Dock For Apple Watch Air Pods iPhone,14.99,USD,2471,★★☆☆☆
Moosoo Cordless Vacuum Powerful Lightweight 2in1 Stick K17 200W 23kpa. Red,98.00,USD,291,★☆☆☆☆
WAHL Professional PET CLIPPERS Dog Grooming Kit Heavy Duty Trimmer Thick Hair US,64.99,USD,248,★☆☆☆☆
Engage Pickleball Paddle | Slightly Used | Featherweight | Pursuit V2.0 | Lime,79.99,USD,236,★☆☆☆☆
Air Fryer 5QT 8-in-1 Visible Window Touch 1350W Black Easy Clean (Open Box),41.99,USD,130,★☆☆☆☆
EcoSmart 32.8ft RGBWIC Smart Color Strip Light Hubspace Alexa Google - Brand New,23.88,USD,126,★☆☆☆☆
"GOURMIA DUAL BASKET AIR FRYER DOUBLE DECKER,",109.99,USD,81,★☆☆☆☆
